PERIOD,DATE,DELHI (P),MUMBAI(P),CHENNAI(P),KOLKATA(P),DELHI(D),MUMBAI(D),CHENNAI(D),KOLKATA(D)
1,16-Jun-17,65.48,76.7,68.02,68.03,54.49,59.9,57.41,56.65
2,17-Jun-17,65.23,76.46,67.76,67.84,54.32,59.73,57.23,56.48
3,18-Jun-17,64.91,76.14,67.42,67.58,54.14,59.53,57.03,56.29
4,19-Jun-17,64.65,75.88,67.14,67.37,54.01,59.39,56.89,56.16
5,20-Jun-17,64.55,75.78,67.04,67.3,53.96,59.34,56.85,56.12
6,21-Jun-17,64.55,75.79,67.04,67.3,53.96,59.34,56.84,56.12
7,22-Jun-17,64.44,75.68,66.93,67.21,53.94,59.32,56.82,56.09
8,23-Jun-17,64.23,75.46,66.7,67.04,53.85,59.23,56.73,56.01
9,24-Jun-17,63.99,75.23,66.45,66.86,53.76,59.13,56.63,55.92
10,25-Jun-17,63.71,74.95,66.15,66.64,53.61,58.97,56.47,55.77
11,26-Jun-17,63.55,74.79,65.98,66.51,53.53,58.88,56.38,55.69
12,27-Jun-17,63.46,74.71,65.89,66.44,53.53,58.89,56.38,55.69
13,28-Jun-17,63.46,74.71,65.9,66.45,53.53,58.88,56.38,55.68
14,29-Jun-17,63.47,74.71,65.9,66.45,53.53,58.88,56.38,55.68
15,30-Jun-17,63.31,74.56,65.74,66.32,53.46,58.8,56.3,55.61
16,1-Jul-17,63.09,74.3,65.46,66.14,53.33,58.63,56.13,55.62
17,2-Jul-17,63.06,74.28,65.44,66.12,53.36,58.67,56.17,55.66
18,3-Jul-17,63.13,74.35,65.51,66.18,53.47,58.79,56.29,55.77
19,4-Jul-17,63.08,74.3,65.46,66.14,53.44,58.76,56.25,55.74
20,5-Jul-17,63.08,74.3,65.46,66.14,53.44,58.76,56.25,55.74
21,6-Jul-17,63.19,74.41,65.58,66.23,53.61,58.93,56.43,55.9
22,7-Jul-17,63.33,74.54,65.72,66.33,53.82,59.15,56.65,56.11
23,8-Jul-17,63.46,74.67,65.86,66.44,54.06,59.41,56.91,56.35
24,9-Jul-17,63.65,74.86,66.05,66.58,54.32,59.69,57.19,56.61
25,10-Jul-17,63.83,75.04,66.25,66.73,54.55,59.93,57.44,56.85
26,11-Jul-17,63.93,73.27,66.38,67.4,54.74,58.27,57.72,57.49
27,12-Jul-17,63.93,73.27,66.38,67.4,54.74,58.27,57.72,57.49
28,13-Jul-17,63.91,73.25,66.36,67.38,54.7,58.22,57.67,57.44
29,14-Jul-17,63.89,73.23,66.34,67.37,54.66,58.19,57.63,57.41
30,15-Jul-17,64.03,73.37,66.49,67.48,54.85,58.39,57.83,57.59
31,16-Jul-17,64.11,73.45,66.57,67.55,54.93,58.47,57.92,57.67
32,17-Jul-17,64.15,73.49,66.61,67.58,54.99,58.54,57.98,57.74
33,18-Jul-17,64.21,73.54,66.67,67.62,55.04,58.59,58.04,57.79
34,19-Jul-17,64.21,73.54,66.67,67.62,55.04,58.59,58.04,57.78
35,20-Jul-17,64.25,73.59,66.72,67.66,55.05,58.6,58.05,57.8
36,21-Jul-17,64.28,73.61,66.75,67.68,55.02,58.57,58.02,57.77
37,22-Jul-17,64.3,73.63,66.77,67.69,54.95,58.49,57.94,57.69
38,23-Jul-17,64.4,73.74,66.88,67.77,54.93,58.48,57.92,57.68
39,24-Jul-17,64.53,73.87,67.01,67.88,54.94,58.48,57.93,57.68
40,25-Jul-17,64.57,73.9,67.05,67.91,54.95,58.5,57.94,57.7
41,26-Jul-17,64.57,73.91,67.06,67.91,54.95,58.49,57.94,57.69
42,27-Jul-17,64.59,73.92,67.07,67.92,54.94,58.49,57.93,57.69
43,28-Jul-17,64.69,74.02,67.18,68,55.03,58.58,58.02,57.77
44,29-Jul-17,64.87,74.2,67.37,68.14,55.19,58.75,58.2,57.94
45,30-Jul-17,65,74.33,67.51,68.24,55.31,58.87,58.32,58.05
46,31-Jul-17,65.26,74.58,67.78,68.45,55.5,59.08,58.53,58.25
47,1-Aug-17,65.4,74.56,67.71,68.56,55.58,59.04,58.49,58.23
48,2-Aug-17,65.47,74.63,67.78,68.61,55.64,59.1,58.55,58.29
49,3-Aug-17,65.69,74.85,68.02,68.78,55.85,59.32,58.77,58.5
50,4-Aug-17,66,75.15,68.34,69.03,56.1,59.59,59.04,58.75
51,5-Aug-17,66.28,75.43,68.64,69.24,56.33,59.83,59.28,58.98
52,6-Aug-17,66.51,75.66,68.88,69.43,56.54,60.06,59.51,59.19
53,7-Aug-17,66.66,75.8,69.03,69.54,56.61,60.13,59.59,59.26
54,8-Aug-17,66.75,75.89,69.13,69.61,56.72,60.25,59.71,59.38
55,9-Aug-17,66.81,75.96,69.2,69.66,56.78,60.32,59.77,59.44
56,10-Aug-17,66.96,76.1,69.35,69.78,56.81,60.35,59.8,59.46
57,11-Aug-17,67.27,76.41,69.68,70.07,56.98,60.52,59.98,59.63
58,12-Aug-17,67.5,76.64,69.92,70.29,57.15,60.7,60.16,59.8
59,13-Aug-17,67.76,76.89,70.19,70.55,57.24,60.8,60.26,59.9
60,14-Aug-17,67.95,77.09,70.4,70.74,57.25,60.81,60.27,59.9
61,15-Aug-17,68.08,77.21,70.53,70.86,57.3,60.86,60.32,59.95
62,16-Aug-17,68.14,77.27,70.59,70.92,57.36,60.92,60.38,60.01
63,17-Aug-17,68.24,77.37,70.7,71.02,57.39,60.96,60.42,60.04
64,18-Aug-17,68.29,77.42,70.76,71.07,57.28,60.85,60.3,59.93
65,19-Aug-17,68.37,77.5,70.83,71.14,57.19,60.74,60.2,59.84
66,20-Aug-17,68.38,77.51,70.85,71.16,57.07,60.62,60.08,59.72
67,21-Aug-17,68.54,77.66,71.01,71.31,57.01,60.55,60.01,59.66
68,22-Aug-17,68.67,77.79,71.15,71.44,57.05,60.6,60.06,59.7
69,23-Aug-17,68.73,77.86,71.22,71.5,57.05,60.6,60.05,59.7
70,24-Aug-17,68.88,78,71.37,71.64,57.06,60.61,60.06,59.71
71,25-Aug-17,69.01,78.13,71.51,71.77,57.02,60.57,60.02,59.67
72,26-Aug-17,69.02,78.14,71.52,71.78,56.97,60.51,59.97,59.62
73,27-Aug-17,69.06,78.18,71.56,71.82,57.03,60.58,60.04,59.69
74,28-Aug-17,69.09,78.22,71.6,71.86,57.03,60.57,60.03,59.68
75,29-Aug-17,69.12,78.24,71.62,71.88,57.02,60.56,60.02,59.67
76,30-Aug-17,69.12,78.24,71.62,71.88,57.01,60.56,60.02,59.66
77,31-Aug-17,69.15,78.28,71.66,71.92,57.05,60.6,60.06,59.71
78,1-Sep-17,69.26,78.38,71.78,72.02,57.13,60.68,60.14,59.78
79,2-Sep-17,69.43,78.54,71.95,72.18,57.21,60.77,60.23,59.87
80,3-Sep-17,69.55,78.67,72.08,72.3,57.28,60.84,60.3,59.93
81,4-Sep-17,69.66,78.78,72.2,72.41,57.38,60.95,60.41,60.03
82,5-Sep-17,69.71,78.82,72.25,72.46,57.46,61.03,60.49,60.11
83,6-Sep-17,69.71,78.82,72.25,72.46,57.46,61.03,60.49,60.11
84,7-Sep-17,69.8,78.92,72.34,72.55,57.59,61.18,60.64,60.25
85,8-Sep-17,69.89,79,72.44,72.64,57.78,61.38,60.84,60.44
86,9-Sep-17,70.03,79.14,72.58,72.78,58.06,61.67,61.13,60.71
87,10-Sep-17,70.17,79.28,72.73,72.91,58.37,62,61.46,61.02
88,11-Sep-17,70.3,79.41,72.87,73.05,58.62,62.26,61.73,61.27
89,12-Sep-17,70.38,79.48,72.95,73.12,58.72,62.37,61.84,61.37
90,13-Sep-17,70.38,79.48,72.95,73.12,58.72,62.37,61.84,61.37
91,14-Sep-17,70.39,79.5,72.97,73.13,58.74,62.4,61.87,61.4
92,15-Sep-17,70.43,79.54,73.01,73.17,58.8,62.46,61.93,61.46
93,16-Sep-17,70.48,79.59,73.06,73.22,58.84,62.5,61.98,61.5
94,17-Sep-17,70.51,79.62,73.09,73.25,58.88,62.55,62.02,61.54
95,18-Sep-17,70.51,79.62,73.09,73.25,58.91,62.58,62.05,61.57
96,19-Sep-17,70.52,79.63,73.1,73.26,58.85,62.51,61.99,61.51
97,20-Sep-17,70.52,79.63,73.1,73.26,58.79,62.45,61.92,61.45
98,21-Sep-17,70.52,79.63,73.1,73.26,58.69,62.35,61.82,61.35
99,22-Sep-17,70.47,79.58,73.05,73.21,58.69,62.35,61.82,61.35
100,23-Sep-17,70.42,79.53,73,73.16,58.69,62.35,61.82,61.35
101,24-Sep-17,70.39,79.5,72.97,73.13,58.72,62.38,61.85,61.38
102,25-Sep-17,70.41,79.52,72.99,73.15,58.72,62.38,61.85,61.38
103,26-Sep-17,70.41,79.52,72.99,73.15,58.68,62.33,61.81,61.34
104,27-Sep-17,70.41,79.52,72.99,73.15,58.68,62.33,61.81,61.34
105,28-Sep-17,70.46,79.57,73.04,73.2,58.7,62.36,61.83,61.36
106,29-Sep-17,70.56,79.67,73.15,73.3,58.78,62.44,61.91,61.44
107,30-Sep-17,70.66,79.77,73.25,73.4,58.86,62.53,62,61.52
108,1-Oct-17,70.76,79.87,73.36,73.5,58.92,62.59,62.06,61.58
109,2-Oct-17,70.83,79.94,73.43,73.57,59.07,62.75,62.22,61.73
110,3-Oct-17,70.88,79.99,73.48,73.62,59.14,62.82,62.3,61.8
111,4-Oct-17,68.38,77.51,70.85,71.16,56.89,60.43,59.89,59.55
112,5-Oct-17,68.38,77.51,70.85,71.16,56.9,60.44,59.9,59.56
113,6-Oct-17,68.36,77.49,70.83,71.14,56.95,60.5,59.95,59.61
114,7-Oct-17,68.35,77.48,70.82,71.13,56.94,60.49,59.94,59.6
115,8-Oct-17,68.39,77.52,70.86,71.17,56.96,60.51,59.96,59.62
116,9-Oct-17,68.45,77.58,70.93,71.23,57,60.55,60.01,59.66
117,10-Oct-17,68.45,77.58,70.93,71.23,57,60.55,60.01,59.66
118,11-Oct-17,68.48,75.59,70.96,71.26,57.03,59.58,60.04,59.69
119,12-Oct-17,68.45,75.57,70.93,71.23,57.01,59.56,60.02,59.67
120,13-Oct-17,68.43,75.55,70.9,71.21,57.01,59.56,60.02,59.67
121,14-Oct-17,68.38,75.5,70.85,71.16,56.98,59.53,59.99,59.64
122,15-Oct-17,68.33,75.45,70.8,71.11,56.94,59.48,59.94,59.6
123,16-Oct-17,68.29,75.41,70.76,71.07,56.91,59.45,59.91,59.57
124,17-Oct-17,68.26,75.38,70.73,71.04,56.87,59.41,59.87,59.53
125,18-Oct-17,68.26,75.38,70.73,71.04,56.87,59.41,59.87,59.53
126,19-Oct-17,68.33,75.45,70.8,71.11,56.95,59.5,59.95,59.61
127,20-Oct-17,68.4,75.52,70.87,71.18,56.98,59.53,59.99,59.64
128,21-Oct-17,68.44,75.56,70.92,71.22,57.01,59.56,60.02,59.67
129,22-Oct-17,68.58,75.69,71.06,71.36,57.1,59.65,60.11,59.76
130,23-Oct-17,68.6,75.71,71.08,71.38,57.12,59.68,60.14,59.78
131,24-Oct-17,68.6,75.71,71.08,71.38,57.12,59.68,60.14,59.78
132,25-Oct-17,68.62,75.73,71.1,71.4,57.15,59.71,60.17,59.81
133,26-Oct-17,68.65,75.76,71.14,71.43,57.21,59.77,60.23,59.87
134,27-Oct-17,68.72,75.83,71.21,71.49,57.28,59.85,60.31,59.94
135,28-Oct-17,68.84,75.95,71.34,71.61,57.43,60,60.47,60.09
136,29-Oct-17,68.92,76.03,71.42,71.69,57.51,60.09,60.55,60.17
137,30-Oct-17,69.07,76.18,71.58,71.84,57.64,60.23,60.69,60.3
138,31-Oct-17,69.13,76.24,71.64,71.9,57.7,60.29,60.76,60.36
139,1-Nov-17,69.14,76.25,71.65,71.9,57.73,60.32,60.79,60.39
140,2-Nov-17,69.25,76.36,71.77,72.01,57.83,60.43,60.9,60.49
141,3-Nov-17,69.34,76.45,71.86,72.1,57.93,60.54,61,60.59
142,4-Nov-17,69.47,76.57,72,72.23,58.03,60.64,61.11,60.69
143,5-Nov-17,69.55,76.65,72.08,72.31,58.08,60.69,61.16,60.74
144,6-Nov-17,69.69,76.79,72.23,72.44,58.16,60.78,61.25,60.82
145,7-Nov-17,69.8,76.9,72.35,72.55,58.26,60.89,61.36,60.92
146,8-Nov-17,69.8,76.9,72.35,72.55,58.26,60.89,61.36,60.92
147,9-Nov-17,69.85,76.95,72.4,72.6,58.31,60.94,61.41,60.97
148,10-Nov-17,69.85,76.95,72.4,72.6,58.31,60.94,61.41,60.97
149,11-Nov-17,69.81,76.91,72.36,72.56,58.31,60.94,61.41,60.97
150,12-Nov-17,69.78,76.88,72.33,72.53,58.31,60.94,61.41,60.97
151,13-Nov-17,69.78,76.88,72.33,72.53,58.31,60.94,61.41,60.97
152,14-Nov-17,69.73,76.83,72.27,72.48,58.34,60.97,61.44,61
153,15-Nov-17,69.68,76.78,72.22,72.43,58.32,60.95,61.42,60.98
154,16-Nov-17,69.65,76.75,72.19,72.4,58.31,60.94,61.41,60.97
155,17-Nov-17,69.61,76.71,72.15,72.37,58.31,60.94,61.41,60.97
156,18-Nov-17,69.57,76.67,72.1,72.33,58.33,60.96,61.43,60.99
157,19-Nov-17,69.54,76.64,72.07,72.3,58.31,60.94,61.41,60.97
158,20-Nov-17,69.51,76.61,72.04,72.27,58.33,60.96,61.43,60.99
159,21-Nov-17,69.53,76.63,72.06,72.29,58.33,60.96,61.43,60.99
160,22-Nov-17,69.48,76.58,72.01,72.24,58.3,60.93,61.4,60.96
161,23-Nov-17,69.43,76.54,71.96,72.19,58.3,60.93,61.4,60.96
162,24-Nov-17,69.41,76.52,71.94,72.17,58.33,60.96,61.43,60.99
163,25-Nov-17,69.36,76.52,71.88,72.12,58.33,60.96,61.43,60.99
164,26-Nov-17,69.32,76.52,71.84,72.08,58.34,60.97,61.44,61
165,27-Nov-17,69.28,76.52,71.8,72.04,58.34,60.99,61.44,61
166,28-Nov-17,69.26,76.52,71.78,72.02,58.37,61.03,61.47,61.03
167,29-Nov-17,69.26,76.52,71.78,72.02,58.37,61.03,61.47,61.03
168,30-Nov-17,69.24,76.52,71.76,72,58.39,61.05,61.5,61.05
169,1-Dec-17,69.22,76.52,71.74,71.98,58.4,61.07,61.51,61.06
170,2-Dec-17,69.22,76.52,71.74,71.98,58.42,61.1,61.53,61.08
171,3-Dec-17,69.23,76.54,71.75,71.99,58.42,61.12,61.53,61.08
172,4-Dec-17,69.23,76.56,71.75,71.99,58.44,61.15,61.55,61.1
173,5-Dec-17,69.25,76.59,71.77,72.01,58.43,61.17,61.54,61.09
174,6-Dec-17,69.24,76.6,71.76,72,58.45,61.2,61.56,61.11
175,7-Dec-17,69.23,76.61,71.75,71.99,58.45,61.2,61.56,61.11
176,8-Dec-17,69.19,76.61,71.7,71.95,58.44,61.22,61.55,61.1
177,9-Dec-17,69.18,76.62,71.69,71.94,58.41,61.21,61.52,61.07
178,10-Dec-17,69.15,76.61,71.66,71.91,58.37,61.21,61.47,61.03
179,11-Dec-17,69.12,76.62,71.63,71.88,58.37,61.24,61.47,61.03
180,12-Dec-17,69.09,76.64,71.6,71.85,58.34,61.26,61.44,61
181,13-Dec-17,69.07,76.66,71.58,71.84,58.32,61.28,61.42,60.98
182,14-Dec-17,69.07,76.69,71.58,71.84,58.33,61.31,61.43,60.99
183,15-Dec-17,69.1,76.78,71.61,71.86,58.38,61.43,61.48,61.04
184,16-Dec-17,69.13,76.88,71.64,71.89,58.44,61.55,61.55,61.1
185,17-Dec-17,69.15,76.99,71.66,71.91,58.48,61.67,61.59,61.14
186,18-Dec-17,69.19,77.06,71.7,71.95,58.55,61.75,61.67,61.21
187,19-Dec-17,69.27,77.17,71.79,72.03,58.65,61.87,61.77,61.31
188,20-Dec-17,69.35,77.25,71.87,72.11,58.75,62.03,61.88,61.41
189,21-Dec-17,69.42,77.32,71.95,72.18,58.85,62.16,61.99,61.51
190,22-Dec-17,69.5,77.4,72.03,72.26,58.91,62.28,62.05,61.57
191,23-Dec-17,69.58,77.48,72.12,72.34,59.02,62.39,62.17,61.68
192,24-Dec-17,69.56,77.46,72.09,72.32,59.11,62.51,62.27,61.77
193,25-Dec-17,69.65,77.55,72.19,72.4,59.2,62.62,62.36,61.86
194,26-Dec-17,69.63,77.53,72.17,72.39,59.31,62.75,62.48,61.97
195,27-Dec-17,69.72,77.62,72.26,72.47,59.38,62.85,62.55,62.04
196,28-Dec-17,69.81,77.71,72.36,72.56,59.47,62.97,62.65,62.13
197,29-Dec-17,69.9,77.8,72.45,72.65,59.56,63.1,62.75,62.22
198,30-Dec-17,69.94,77.84,72.49,72.69,59.59,63.19,62.78,62.25
199,31-Dec-17,69.97,77.87,72.53,72.72,59.64,63.27,62.83,62.3
200,1-Jan-18,69.97,77.87,72.53,72.72,59.7,63.35,62.9,62.36
201,2-Jan-18,69.97,77.87,72.53,72.72,59.76,63.43,62.96,62.42
202,3-Jan-18,69.97,77.87,72.53,72.72,59.82,63.51,63.03,62.48
203,4-Jan-18,69.97,77.87,72.53,72.72,59.89,63.59,63.1,62.55
204,5-Jan-18,69.99,77.89,72.55,72.74,59.94,63.67,63.15,62.6
205,6-Jan-18,70.13,78.02,72.69,72.88,60.12,63.87,63.35,62.78
206,7-Jan-18,70.28,78.17,72.85,73.02,60.31,64.08,63.55,62.97
207,8-Jan-18,70.43,78.32,73.01,73.17,60.49,64.28,63.74,63.15
208,9-Jan-18,70.53,78.42,73.12,73.27,60.66,64.48,63.92,63.32
209,10-Jan-18,70.62,78.51,73.21,73.36,60.81,64.67,64.09,63.47
210,11-Jan-18,70.66,78.55,73.25,73.4,60.99,64.88,64.28,63.65
211,12-Jan-18,70.73,78.62,73.33,73.47,61.18,65.1,64.48,63.84
212,13-Jan-18,70.92,78.81,73.53,73.65,61.38,65.32,64.7,64.04
213,14-Jan-18,71.06,78.94,73.67,73.79,61.56,65.53,64.89,64.22
214,15-Jan-18,71.18,79.06,73.8,73.91,61.74,65.74,65.08,64.4
215,16-Jan-18,71.27,79.15,73.89,74,61.88,65.9,65.23,64.54
216,17-Jan-18,71.39,79.27,74.02,74.11,62.06,66.09,65.42,64.72
217,18-Jan-18,71.56,79.44,74.2,74.28,62.25,66.3,65.63,64.91
218,19-Jan-18,71.7,79.58,74.35,74.42,62.44,66.5,65.83,65.1
219,20-Jan-18,71.89,79.77,74.55,74.6,62.63,66.7,66.03,65.29
220,21-Jan-18,72.08,79.95,74.75,74.79,62.83,66.91,66.25,65.49
221,22-Jan-18,72.23,80.1,74.91,74.94,63.01,67.1,66.44,65.67
222,23-Jan-18,72.38,80.25,75.06,75.09,63.2,67.3,66.64,65.86
223,24-Jan-18,72.43,80.3,75.12,75.13,63.38,67.5,66.84,66.04
224,25-Jan-18,72.49,80.36,75.18,75.19,63.53,67.65,67,66.2
225,26-Jan-18,72.63,80.5,75.33,75.33,63.65,67.78,67.12,66.32
226,27-Jan-18,72.72,80.59,75.42,75.42,63.75,67.89,67.23,66.42
227,28-Jan-18,72.77,80.64,75.47,75.47,63.85,67.99,67.34,66.52
228,29-Jan-18,72.84,80.71,75.55,75.54,63.93,68.08,67.42,66.6
229,30-Jan-18,72.92,80.79,75.63,75.62,64,68.15,67.5,66.67
230,31-Jan-18,72.92,80.79,75.63,75.62,64,68.15,67.5,66.67
231,1-Feb-18,73.05,80.91,75.77,75.74,64.11,68.27,67.62,66.78
232,2-Feb-18,73.1,80.96,75.82,75.79,64.11,68.27,67.62,66.78
233,3-Feb-18,73.09,80.95,75.81,75.78,64.07,68.23,67.57,66.74
234,4-Feb-18,73.16,81.02,75.88,75.85,64.07,68.23,67.57,66.74
235,5-Feb-18,73.31,81.17,76.04,76,64.14,68.3,67.65,66.81
236,6-Feb-18,73.38,81.24,76.12,76.07,64.22,68.39,67.73,66.89
237,7-Feb-18,73.38,81.24,76.12,76.07,64.22,68.39,67.73,66.89
238,8-Feb-18,73.37,81.23,76.11,76.06,64.15,68.31,67.66,66.82
239,9-Feb-18,73.35,81.21,76.08,76.04,64.11,68.27,67.62,66.78
240,10-Feb-18,73.33,81.19,76.06,76.02,64.05,68.21,67.55,66.72
241,11-Feb-18,73.22,81.08,75.95,75.91,63.9,68.05,67.39,66.57
242,12-Feb-18,73.01,80.87,75.73,75.7,63.62,67.75,67.09,66.29
243,13-Feb-18,72.94,80.81,75.65,75.64,63.5,67.62,66.96,66.17
244,14-Feb-18,72.94,80.81,75.65,75.64,63.5,67.62,66.96,66.17
245,15-Feb-18,72.79,80.66,75.49,75.49,63.32,67.43,66.77,65.98
246,16-Feb-18,72.52,80.39,75.21,75.22,63.02,67.11,66.45,65.68
247,17-Feb-18,72.23,80.1,74.91,74.94,62.76,66.84,66.17,65.42
248,18-Feb-18,72.07,79.94,74.74,74.78,62.56,66.62,65.96,65.22
249,19-Feb-18,71.92,79.8,74.58,74.63,62.44,66.5,65.83,65.1
250,20-Feb-18,71.73,79.61,74.38,74.45,62.29,66.34,65.67,64.95
251,21-Feb-18,71.72,79.6,74.37,74.44,62.3,66.35,65.68,64.96
252,22-Feb-18,71.7,79.58,74.35,74.45,62.29,66.34,65.67,64.98
253,23-Feb-18,71.61,79.49,74.25,74.36,62.21,66.25,65.58,64.9
254,24-Feb-18,71.52,79.4,74.16,74.27,62.14,66.18,65.51,64.83
255,25-Feb-18,71.5,79.38,74.14,74.25,62.12,66.16,65.49,64.81
256,26-Feb-18,71.53,79.41,74.17,74.28,62.17,66.21,65.54,64.86
257,27-Feb-18,71.51,79.39,74.15,74.26,62.15,66.19,65.52,64.84
258,28-Feb-18,71.51,79.39,74.15,74.26,62.15,66.19,65.52,64.84
259,1-Mar-18,71.57,79.45,74.21,74.32,62.25,66.3,65.63,64.94
260,2-Mar-18,71.75,79.63,74.4,74.5,62.48,66.54,65.87,65.17
261,3-Mar-18,72,79.87,74.66,74.74,62.69,66.76,66.1,65.38
262,4-Mar-18,72.26,80.13,74.94,75,62.88,66.96,66.3,65.57
263,5-Mar-18,72.32,80.19,75,75.06,62.89,66.97,66.31,65.58
264,6-Mar-18,72.39,80.26,75.07,75.12,62.96,67.05,66.39,65.65
265,7-Mar-18,72.39,80.26,75.07,75.12,62.96,67.05,66.39,65.65
266,8-Mar-18,72.39,80.26,75.07,75.12,62.91,67,66.33,65.6
267,9-Mar-18,72.43,80.3,75.12,75.16,62.88,66.96,66.3,65.57
268,10-Mar-18,72.46,80.33,75.15,75.19,62.88,66.96,66.3,65.57
269,11-Mar-18,72.48,80.35,75.17,75.21,62.89,66.97,66.31,65.58
270,12-Mar-18,72.45,80.32,75.14,75.18,62.87,66.95,66.29,65.56
271,13-Mar-18,72.47,80.34,75.16,75.2,62.85,66.93,66.27,65.54
272,14-Mar-18,72.47,80.34,75.16,75.2,62.85,66.93,66.27,65.54
273,15-Mar-18,72.45,80.32,75.14,75.18,62.87,66.95,66.29,65.56
274,16-Mar-18,72.37,80.24,75.05,75.1,62.81,66.89,66.23,65.5
275,17-Mar-18,72.27,80.14,74.95,75.01,62.74,66.82,66.15,65.43
276,18-Mar-18,72.2,80.07,74.87,74.94,62.71,66.78,66.12,65.4
277,19-Mar-18,72.19,80.06,74.86,74.93,62.73,66.81,66.14,65.42
278,20-Mar-18,72.2,80.07,74.87,74.94,62.8,66.88,66.21,65.49
279,21-Mar-18,72.2,80.07,74.87,74.94,62.8,66.88,66.21,65.49
280,22-Mar-18,72.26,80.13,74.94,75,62.88,66.96,66.3,65.57
281,23-Mar-18,72.3,80.17,74.98,75.04,63.01,67.1,66.44,65.7
282,24-Mar-18,72.38,80.25,75.06,75.11,63.2,67.3,66.64,65.89
283,25-Mar-18,72.55,80.42,75.24,75.28,63.43,67.55,66.89,66.12
284,26-Mar-18,72.79,80.66,75.49,75.52,63.66,67.79,67.14,66.35
285,27-Mar-18,72.9,80.77,75.61,75.63,63.77,67.91,67.25,66.46
286,28-Mar-18,72.9,80.77,75.61,75.63,63.77,67.91,67.25,66.46
287,29-Mar-18,73.08,80.94,75.8,75.8,63.92,68.07,67.41,66.61
288,30-Mar-18,73.31,81.17,76.04,76.03,64.14,68.3,67.65,66.83
289,31-Mar-18,73.55,81.41,76.29,76.26,64.4,68.58,67.93,67.09
290,1-Apr-18,73.73,81.59,76.48,76.44,64.58,68.77,68.12,67.27
291,2-Apr-18,73.83,81.69,76.59,76.54,64.69,68.89,68.24,67.38
292,3-Apr-18,73.95,81.8,76.72,76.66,64.82,69.02,68.38,67.51
293,4-Apr-18,73.95,81.8,76.72,76.66,64.82,69.02,68.38,67.51
294,5-Apr-18,73.98,81.83,76.75,76.69,64.85,69.06,68.41,67.54
295,6-Apr-18,73.98,81.83,76.75,76.69,64.88,69.09,68.44,67.57
296,7-Apr-18,74,81.85,76.77,76.71,64.92,69.13,68.48,67.61
297,8-Apr-18,74.03,81.88,76.8,76.73,64.96,69.17,68.53,67.65
298,9-Apr-18,73.99,81.84,76.76,76.7,64.93,69.14,68.49,67.62
299,10-Apr-18,73.98,81.83,76.75,76.69,64.96,69.17,68.53,67.65
300,11-Apr-18,73.98,81.83,76.75,76.69,64.96,69.17,68.53,67.65
301,12-Apr-18,73.94,81.8,76.71,76.65,64.93,69.14,68.49,67.62
302,13-Apr-18,73.91,81.77,76.67,76.62,64.96,69.17,68.53,67.65
303,14-Apr-18,73.93,81.79,76.69,76.64,65.01,69.23,68.58,67.7
304,15-Apr-18,73.98,81.83,76.75,76.69,65.09,69.31,68.67,67.78
305,16-Apr-18,74.02,81.87,76.79,76.73,65.18,69.41,68.76,67.88
306,17-Apr-18,74.02,81.87,76.79,76.73,65.18,69.41,68.76,67.88
307,18-Apr-18,74.02,81.87,76.79,76.73,65.18,69.41,68.76,67.88
308,19-Apr-18,74.07,81.92,76.84,76.77,65.27,69.5,68.86,67.97
309,20-Apr-18,74.08,81.93,76.85,76.78,65.31,69.54,68.9,68.01
310,21-Apr-18,74.21,82.06,76.99,76.91,65.46,69.7,69.06,68.16
311,22-Apr-18,74.4,82.25,77.19,77.1,65.65,69.91,69.27,68.35
312,23-Apr-18,74.5,82.35,77.29,77.2,65.75,70.01,69.37,68.45
313,24-Apr-18,74.63,82.48,77.43,77.32,65.93,70.2,69.56,68.63
314,25-Apr-18,74.63,82.48,77.43,77.32,65.93,70.2,69.56,68.63
315,26-Apr-18,74.63,82.48,77.43,77.32,65.93,70.2,69.56,68.63
316,27-Apr-18,74.63,82.48,77.43,77.32,65.93,70.2,69.56,68.63
317,28-Apr-18,74.63,82.48,77.43,77.32,65.93,70.2,69.56,68.63
318,29-Apr-18,74.63,82.48,77.43,77.32,65.93,70.2,69.56,68.63
319,30-Apr-18,74.63,82.48,77.43,77.32,65.93,70.2,69.56,68.63
320,1-May-18,74.63,82.48,77.43,77.32,65.93,70.2,69.56,68.63
321,2-May-18,74.63,82.48,77.43,77.32,65.93,70.2,69.56,68.63
322,3-May-18,74.63,82.48,77.43,77.32,65.93,70.2,69.56,68.63
323,4-May-18,74.63,82.48,77.43,77.32,65.93,70.2,69.56,68.63
324,5-May-18,74.63,82.48,77.43,77.32,65.93,70.2,69.56,68.63
325,6-May-18,74.63,82.48,77.43,77.32,65.93,70.2,69.56,68.63
326,7-May-18,74.63,82.48,77.43,77.32,65.93,70.2,69.56,68.63
327,8-May-18,74.63,82.48,77.43,77.32,65.93,70.2,69.56,68.63
328,9-May-18,74.63,82.48,77.43,77.32,65.93,70.2,69.56,68.63
329,10-May-18,74.63,82.48,77.43,77.32,65.93,70.2,69.56,68.63
330,11-May-18,74.63,82.48,77.43,77.32,65.93,70.2,69.56,68.63
331,12-May-18,74.63,82.48,77.43,77.32,65.93,70.2,69.56,68.63
332,13-May-18,74.63,82.48,77.43,77.32,65.93,70.2,69.56,68.63
333,14-May-18,74.8,82.65,77.61,77.5,66.14,70.43,69.79,68.68
334,15-May-18,74.95,82.79,77.77,77.65,66.36,70.66,70.02,68.9
335,16-May-18,75.1,82.94,77.93,77.79,66.57,70.88,70.25,69.11
336,17-May-18,75.32,83.16,78.16,78.01,66.79,71.12,70.49,69.33
337,18-May-18,75.61,83.45,78.46,78.29,67.08,71.42,70.8,69.63
338,19-May-18,75.91,83.75,78.78,78.59,67.31,71.67,71.04,69.86
339,20-May-18,76.24,84.07,79.13,78.91,67.57,71.94,71.32,70.12
340,21-May-18,76.57,84.4,79.47,79.24,67.82,72.21,71.59,70.37
341,22-May-18,76.87,84.7,79.79,79.53,68.08,72.48,71.87,70.63
342,23-May-18,77.17,84.99,80.11,79.83,68.34,72.76,72.14,70.89
343,24-May-18,77.47,85.29,80.42,80.12,68.53,72.96,72.35,71.08
344,25-May-18,77.83,85.65,80.8,80.47,68.75,73.2,72.58,71.3
345,26-May-18,77.97,85.78,80.95,80.61,68.9,73.36,72.74,71.45
346,27-May-18,78.12,85.93,81.11,80.76,69.06,73.53,72.91,71.61
347,28-May-18,78.27,86.08,81.26,80.91,69.17,73.64,73.03,71.72
348,29-May-18,78.43,86.24,81.43,81.06,69.31,73.79,73.18,71.86
349,30-May-18,78.42,86.23,81.42,81.05,69.3,73.78,73.17,71.85
350,31-May-18,78.35,86.16,81.35,80.98,69.25,73.73,73.12,71.8
351,1-Jun-18,78.29,86.1,81.28,80.92,69.2,73.67,73.06,71.75
352,2-Jun-18,78.2,86.01,81.19,80.84,69.11,73.58,72.97,71.66
353,3-Jun-18,78.11,85.92,81.09,80.75,69.11,73.58,72.97,71.66
354,4-Jun-18,77.96,85.77,80.94,80.6,68.97,73.43,72.82,71.52
355,5-Jun-18,77.83,85.65,80.8,80.47,68.88,73.33,72.72,71.43
356,6-Jun-18,77.72,85.54,80.68,80.37,68.8,73.25,72.64,71.35
357,7-Jun-18,77.63,85.45,80.59,80.28,68.73,73.17,72.56,71.28
358,8-Jun-18,77.42,85.24,80.37,80.07,68.58,73.02,72.4,71.13
359,9-Jun-18,77.02,84.84,79.95,79.68,68.28,72.7,72.08,70.83
360,10-Jun-18,76.78,84.61,79.69,79.44,68.1,72.51,71.89,70.65
361,11-Jun-18,76.58,84.41,79.48,79.25,67.95,72.35,71.73,70.5
362,12-Jun-18,76.43,84.26,79.33,79.1,67.85,72.24,71.62,70.4
363,13-Jun-18,76.43,84.26,79.33,79.1,67.85,72.24,71.62,70.4
364,14-Jun-18,76.43,84.26,79.33,79.1,67.85,72.24,71.62,70.4
365,15-Jun-18,76.35,84.18,79.24,79.02,67.85,72.24,71.62,70.4
366,16-Jun-18,76.35,84.18,79.24,79.02,67.85,72.24,71.62,70.4
367,17-Jun-18,76.35,84.18,79.24,79.02,67.78,72.13,71.54,70.33
368,18-Jun-18,76.35,84.18,79.24,79.02,67.78,72.13,71.54,70.33
369,19-Jun-18,76.27,84.06,79.16,78.94,67.78,72.13,71.54,70.33
370,20-Jun-18,76.27,84.06,79.16,78.94,67.78,72.13,71.54,70.33
371,21-Jun-18,76.16,83.92,79.04,78.83,67.68,71.99,71.44,70.23
372,22-Jun-18,76.02,83.74,78.89,78.7,67.68,71.99,71.44,70.23
373,23-Jun-18,75.93,83.61,78.8,78.61,67.61,71.87,71.36,70.16
374,24-Jun-18,75.79,83.44,78.65,78.47,67.54,71.76,71.29,70.09
375,25-Jun-18,75.69,83.3,78.55,78.37,67.48,71.66,71.22,70.03
376,26-Jun-18,75.55,83.12,78.4,78.23,67.38,71.52,71.12,69.93
377,27-Jun-18,75.55,83.12,78.4,78.23,67.38,71.52,71.12,69.93
378,28-Jun-18,75.55,83.12,78.4,78.23,67.38,71.52,71.12,69.93
379,29-Jun-18,75.55,83.06,78.4,78.23,67.38,71.49,71.12,69.93
380,30-Jun-18,75.55,82.99,78.4,78.23,67.38,71.49,71.12,69.93
381,1-Jul-18,75.55,82.94,78.4,78.23,67.38,71.49,71.12,69.93
382,2-Jul-18,75.55,82.94,78.4,78.23,67.38,71.49,71.12,69.93
383,3-Jul-18,75.55,82.94,78.4,78.23,67.38,71.49,71.12,69.93
384,4-Jul-18,75.55,82.94,78.4,78.23,67.38,71.49,71.12,69.93
385,5-Jul-18,75.71,83.1,78.57,78.39,67.5,71.62,71.24,70.05
386,6-Jul-18,75.85,83.24,78.72,78.53,67.66,71.79,71.42,70.21
387,7-Jul-18,75.98,83.37,78.85,78.66,67.76,71.9,71.52,70.31
388,8-Jul-18,76.13,83.52,79.01,78.8,67.86,72,71.63,70.41
389,9-Jul-18,76.36,83.75,79.25,79.03,68.07,72.23,71.85,70.62
390,10-Jul-18,76.53,83.91,79.43,79.2,68.23,72.4,72.03,70.78
391,11-Jul-18,76.53,83.91,79.43,79.2,68.23,72.4,72.03,70.78
392,12-Jul-18,76.59,83.97,79.49,79.26,68.3,72.47,72.1,70.85
393,13-Jul-18,76.76,84.14,79.67,79.42,68.43,72.61,72.24,70.98
394,14-Jul-18,76.95,84.33,79.87,79.61,68.61,72.8,72.43,71.16
395,15-Jul-18,76.95,84.33,79.87,79.61,68.61,72.8,72.43,71.16
396,16-Jul-18,76.84,84.22,79.76,79.51,68.47,72.65,72.28,71.03
397,17-Jul-18,76.84,84.22,79.76,79.51,68.47,72.65,72.28,71.03
398,18-Jul-18,76.84,84.22,79.76,79.51,68.47,72.65,72.28,71.03
399,19-Jul-18,76.78,84.22,79.76,79.51,68.35,72.56,72.19,70.94
400,20-Jul-18,76.62,84.06,79.59,79.39,68.23,72.44,72.06,70.84
401,21-Jul-18,76.47,83.91,79.43,79.27,68.08,72.28,71.9,70.71
402,22-Jul-18,76.37,83.82,79.33,79.2,67.98,72.17,71.79,70.63
403,23-Jul-18,76.3,83.75,79.25,79.15,67.89,72.07,71.7,70.56
404,24-Jul-18,76.23,83.68,79.18,79.1,67.79,71.97,71.59,70.48
405,25-Jul-18,76.23,83.68,79.18,79.1,67.79,71.97,71.59,70.48
406,26-Jul-18,76.23,83.68,79.18,79.1,67.79,71.97,71.59,70.48
407,27-Jul-18,76.23,83.68,79.18,79.1,67.72,71.89,71.52,70.43
408,28-Jul-18,76.16,83.61,79.11,79.05,67.62,71.79,71.41,70.37
409,29-Jul-18,76.16,83.61,79.11,79.05,67.62,71.79,71.41,70.37
410,30-Jul-18,76.25,83.7,79.2,79.14,67.75,71.93,71.55,70.51
411,31-Jul-18,76.31,83.76,79.26,79.2,67.82,72,71.62,70.58
412,1-Aug-18,76.31,83.76,79.26,79.2,67.82,72,71.62,70.58
413,2-Aug-18,76.43,83.87,79.39,79.33,67.93,72.12,71.74,70.69
414,3-Aug-18,76.5,83.94,79.46,79.42,68.02,72.21,71.84,70.8
415,4-Aug-18,76.7,84.14,79.68,79.62,68.2,72.4,72.03,70.98
416,5-Aug-18,76.85,84.29,79.83,79.77,68.32,72.53,72.16,71.1
417,6-Aug-18,76.97,84.41,79.96,79.89,68.44,72.66,72.29,71.22
418,7-Aug-18,77.06,84.5,80.05,80,68.5,72.72,72.35,71.31
419,8-Aug-18,77.06,84.5,80.05,80,68.5,72.72,72.35,71.31
420,9-Aug-18,77.06,84.5,80.05,80,68.5,72.72,72.35,71.31
421,10-Aug-18,77.13,84.57,80.13,80.09,68.57,72.8,72.43,71.41
422,11-Aug-18,77.23,84.67,80.23,80.18,68.71,72.94,72.57,71.55
423,12-Aug-18,77.23,84.67,80.23,80.18,68.77,73.01,72.64,71.61
424,13-Aug-18,77.14,84.58,80.14,80.1,68.72,72.96,72.59,71.56
425,14-Aug-18,77.14,84.58,80.14,80.1,68.72,72.96,72.59,71.56
426,15-Aug-18,77.14,84.58,80.14,80.1,68.72,72.96,72.59,71.56
427,16-Aug-18,77.2,84.63,80.19,80.14,68.78,73.02,72.65,71.62
428,17-Aug-18,77.2,84.63,80.19,80.14,68.86,73.1,72.74,71.7
429,18-Aug-18,77.28,84.71,80.28,80.22,68.86,73.1,72.74,71.7
430,19-Aug-18,77.4,84.82,80.4,80.34,68.92,73.17,72.8,71.76
431,20-Aug-18,77.49,84.91,80.5,80.43,69.04,73.3,72.93,71.88
432,21-Aug-18,77.58,85,80.59,80.52,69.1,73.36,72.99,71.94
433,22-Aug-18,77.58,85,80.59,80.52,69.1,73.36,72.99,71.94
434,23-Aug-18,77.58,85,80.59,80.52,69.1,73.36,72.99,71.94
435,24-Aug-18,77.67,85.09,80.69,80.61,69.18,73.44,73.08,72.02
436,25-Aug-18,77.67,85.09,80.69,80.61,69.18,73.44,73.08,72.02
437,26-Aug-18,77.78,85.2,80.8,80.71,69.32,73.59,73.23,72.16
438,27-Aug-18,77.91,85.33,80.94,80.84,69.46,73.74,73.38,72.31
439,28-Aug-18,78.05,85.47,81.09,80.98,69.61,73.9,73.54,72.46
440,29-Aug-18,78.18,85.6,81.22,81.11,69.75,74.05,73.69,72.6
441,30-Aug-18,78.3,85.72,81.35,81.23,69.93,74.24,73.88,72.78
442,31-Aug-18,78.52,85.93,81.58,81.44,70.21,74.54,74.18,73.06
443,1-Sep-18,78.68,86.09,81.75,81.6,70.42,74.76,74.41,73.27
444,2-Sep-18,78.84,86.25,81.92,81.76,70.76,75.12,74.77,73.61
445,3-Sep-18,79.15,86.56,82.24,82.06,71.15,75.54,75.19,74
446,4-Sep-18,79.31,86.72,82.41,82.22,71.34,75.74,75.39,74.19
447,5-Sep-18,79.31,86.72,82.41,82.22,71.34,75.74,75.39,74.19
448,6-Sep-18,79.51,86.91,82.62,82.41,71.55,75.96,75.61,74.4
449,7-Sep-18,79.99,87.39,83.13,82.88,72.07,76.51,76.17,74.92
450,8-Sep-18,80.38,87.77,83.54,83.27,72.51,76.98,76.64,75.36
451,9-Sep-18,80.5,87.89,83.66,83.39,72.61,77.09,76.75,75.46
452,10-Sep-18,80.73,88.12,83.91,83.61,72.83,77.32,76.98,75.68
453,11-Sep-18,80.87,88.26,84.05,83.75,72.97,77.47,77.13,75.82
454,12-Sep-18,80.87,88.26,84.05,82.74,72.97,77.47,77.13,74.82
455,13-Sep-18,81,88.39,84.19,82.87,73.08,77.58,77.25,74.93
456,14-Sep-18,81.28,88.67,84.49,83.14,73.3,77.82,77.49,75.15
457,15-Sep-18,81.63,89.01,84.85,83.49,73.54,78.07,77.74,75.39
458,16-Sep-18,81.91,89.29,85.15,83.76,73.72,78.26,77.94,75.57
459,17-Sep-18,82.06,89.44,85.31,83.91,73.78,78.33,78,75.63
460,18-Sep-18,82.16,89.54,85.41,84.01,73.87,78.42,78.1,75.72
461,19-Sep-18,82.16,89.54,85.41,84.01,73.87,78.42,78.1,75.72
462,20-Sep-18,82.22,89.6,85.48,84.07,73.87,78.42,78.1,75.72
463,21-Sep-18,82.32,89.69,85.58,84.16,73.87,78.42,78.1,75.72
464,22-Sep-18,82.44,89.8,85.69,84.27,73.87,78.42,78.1,75.72
465,23-Sep-18,82.61,89.97,85.87,84.44,73.97,78.53,78.2,75.82
466,24-Sep-18,82.72,90.08,85.99,84.54,74.02,78.58,78.26,75.87
467,25-Sep-18,82.86,90.22,86.13,84.68,74.12,78.69,78.36,75.97
468,26-Sep-18,82.86,90.22,86.13,84.68,74.12,78.69,78.36,75.97
469,27-Sep-18,83,90.35,86.28,84.82,74.24,78.82,78.49,76.09
470,28-Sep-18,83.22,90.57,86.51,85.03,74.42,79.01,78.69,76.27
471,29-Sep-18,83.4,90.75,86.7,85.21,74.63,79.23,78.91,76.48
472,30-Sep-18,83.49,90.84,86.8,85.3,74.79,79.4,79.08,76.64
473,1-Oct-18,83.73,91.08,87.05,85.53,75.09,79.72,79.4,76.94
474,2-Oct-18,83.85,91.2,87.18,85.65,75.25,79.89,79.57,77.1
475,3-Oct-18,83.85,91.2,87.18,85.65,75.25,79.89,79.57,77.1
476,4-Oct-18,84,91.34,87.33,85.8,75.45,80.1,79.79,77.3
477,5-Oct-18,81.5,86.97,84.7,83.3,72.95,77.45,77.11,74.8
478,6-Oct-18,81.68,87.15,84.89,83.52,73.24,76.75,77.42,75.09
479,7-Oct-18,81.82,87.29,85.04,83.66,73.53,77.06,77.73,75.38
480,8-Oct-18,82.03,87.5,85.26,83.87,73.82,77.37,78.04,75.67
481,9-Oct-18,82.26,87.73,85.5,84.09,74.11,77.68,78.35,75.96
482,10-Oct-18,82.26,87.73,85.5,84.09,74.35,77.93,78.61,76.2
483,11-Oct-18,82.36,87.82,85.61,84.19,74.62,78.22,78.9,76.47
484,12-Oct-18,82.48,87.94,85.73,84.31,74.9,78.51,79.2,76.75
485,13-Oct-18,82.66,88.12,85.92,84.48,75.19,78.82,79.51,77.04
486,14-Oct-18,82.72,88.18,85.99,84.54,75.38,79.02,79.71,77.23
487,15-Oct-18,82.72,88.18,85.99,84.54,75.46,79.11,79.8,77.31
488,16-Oct-18,82.83,88.29,86.1,84.65,75.69,79.35,80.04,77.54
489,17-Oct-18,82.83,88.29,86.1,84.65,75.69,79.35,80.04,77.54
490,18-Oct-18,82.62,88.08,85.88,84.44,75.58,79.24,79.93,77.43
491,19-Oct-18,82.38,87.84,85.63,84.21,75.48,79.13,79.82,77.33
492,20-Oct-18,81.99,87.46,85.22,83.83,75.36,79,79.69,77.21
493,21-Oct-18,81.74,87.21,84.96,83.58,75.19,78.82,79.51,77.04
494,22-Oct-18,81.44,86.91,84.64,83.29,74.92,78.54,79.22,76.77
495,23-Oct-18,81.34,86.81,84.53,83.19,74.85,78.46,79.15,76.7
496,24-Oct-18,81.25,86.73,84.44,83.1,74.85,78.46,79.15,76.7
497,25-Oct-18,81.1,86.58,84.28,82.95,74.8,78.41,79.09,76.65
498,26-Oct-18,80.85,86.33,84.02,82.71,74.73,78.33,79.02,76.58
499,27-Oct-18,80.45,85.93,83.6,82.31,74.38,77.96,78.64,76.23
500,28-Oct-18,80.05,85.54,83.18,81.92,74.05,77.61,78.29,75.9
501,29-Oct-18,79.75,85.24,82.86,81.63,73.85,77.4,78.08,75.7
502,30-Oct-18,79.55,85.04,82.65,81.43,73.78,77.32,78,75.63
503,31-Oct-18,79.55,85.04,82.65,81.43,73.78,77.32,78,75.63
504,1-Nov-18,79.37,84.86,82.46,81.25,73.78,77.32,78,75.63
505,2-Nov-18,79.18,84.68,82.26,81.08,73.64,77.18,77.85,75.5
506,3-Nov-18,78.99,84.49,82.06,80.89,73.53,77.06,77.73,75.39
507,4-Nov-18,78.78,84.28,81.84,80.68,73.36,76.88,77.55,75.22
508,5-Nov-18,78.56,84.06,81.61,80.47,73.16,76.67,77.34,75.02
509,6-Nov-18,78.42,83.92,81.46,80.33,73.07,76.57,77.24,74.93
510,7-Nov-18,78.42,83.92,81.46,80.33,73.07,76.57,77.24,74.93
511,8-Nov-18,78.21,83.72,81.24,80.13,72.89,76.38,77.05,74.75
512,9-Nov-18,78.06,83.57,81.08,79.98,72.74,76.22,76.89,74.6
513,10-Nov-18,77.89,83.4,80.9,79.81,72.58,76.05,76.72,74.44
514,11-Nov-18,77.73,83.24,80.73,79.65,72.46,75.92,76.59,74.32
515,12-Nov-18,77.56,83.07,80.56,79.49,72.31,75.76,76.43,74.17
516,13-Nov-18,77.43,82.94,80.42,79.36,72.19,75.64,76.3,74.05
517,14-Nov-18,77.43,82.94,80.42,79.36,72.19,75.64,76.3,74.05
518,15-Nov-18,77.28,82.8,80.26,79.21,72.09,75.53,76.19,73.95
519,16-Nov-18,77.1,82.62,80.07,79.04,71.93,75.36,76.02,73.79
520,17-Nov-18,76.91,82.43,79.87,78.85,71.74,75.16,75.82,73.6
521,18-Nov-18,76.71,82.23,79.66,78.65,71.56,74.97,75.63,73.42
522,19-Nov-18,76.52,82.04,79.46,78.47,71.39,74.79,75.44,73.25
523,20-Nov-18,76.38,81.9,79.31,78.33,71.27,74.66,75.31,73.13
524,21-Nov-18,76.38,81.9,79.31,78.33,71.27,74.66,75.31,73.13
525,22-Nov-18,75.97,81.5,78.88,77.93,70.97,74.34,74.99,72.83
526,23-Nov-18,75.57,81.1,78.46,77.53,70.56,73.91,74.55,72.41
527,24-Nov-18,75.25,80.79,78.12,77.22,70.16,73.48,74.13,72.01
528,25-Nov-18,74.84,80.38,77.69,76.82,69.7,72.99,73.63,71.55
529,26-Nov-18,74.49,80.03,77.32,76.47,69.29,72.56,73.2,71.14
530,27-Nov-18,74.07,79.62,76.88,76.06,68.89,72.13,72.77,70.74
531,28-Nov-18,73.57,79.12,76.35,75.57,68.49,71.71,72.34,70.34
532,29-Nov-18,73.24,78.8,76.01,75.24,68.13,71.33,71.95,69.98
533,30-Nov-18,72.87,78.43,75.62,74.88,67.72,70.89,71.52,69.57
534,1-Dec-18,72.53,78.09,75.26,74.55,67.35,70.5,71.12,69.08
535,2-Dec-18,72.23,77.8,74.94,74.25,67.02,70.15,70.77,68.75
536,3-Dec-18,71.93,77.5,74.63,73.96,66.66,69.77,70.38,68.39
537,4-Dec-18,71.72,77.29,74.41,73.75,66.39,69.48,70.09,68.12
538,5-Dec-18,71.72,77.29,74.41,73.75,66.39,69.48,70.09,68.12
539,6-Dec-18,71.32,76.9,73.99,73.36,65.96,69.02,69.63,67.69
540,7-Dec-18,70.92,76.5,73.57,72.97,65.55,68.59,69.19,67.28
541,8-Dec-18,70.7,76.28,73.33,72.75,65.3,68.32,68.93,67.03
542,9-Dec-18,70.55,76.13,73.18,72.6,65.09,68.1,68.7,66.82
543,10-Dec-18,70.31,75.9,72.92,72.37,64.82,67.81,68.41,66.55
544,11-Dec-18,70.2,75.8,72.82,72.28,64.66,67.66,68.26,66.4
545,12-Dec-18,70.2,75.8,72.82,73.28,64.66,67.66,68.26,67.4
546,13-Dec-18,70.29,75.91,72.94,72.38,64.66,67.66,68.26,66.4
547,14-Dec-18,70.29,75.91,72.94,72.38,64.57,67.58,68.18,66.33
548,15-Dec-18,70.34,75.96,72.99,72.43,64.5,67.5,68.1,66.26
549,16-Dec-18,70.34,75.96,72.99,72.43,64.38,67.38,67.97,66.14
550,17-Dec-18,70.53,76.15,73.19,72.62,64.47,67.47,68.07,66.23
551,18-Dec-18,70.63,76.25,73.29,72.71,64.54,67.55,68.14,66.3
552,19-Dec-18,70.63,76.25,73.29,72.71,64.54,67.55,68.14,66.3
553,20-Dec-18,70.63,76.25,73.29,72.71,64.54,67.55,68.14,66.3
554,21-Dec-18,70.46,76.08,73.11,72.55,64.39,67.39,67.98,66.15
555,22-Dec-18,70.27,75.89,72.91,72.36,64.19,67.17,67.77,65.95
556,23-Dec-18,70.07,75.69,72.7,72.16,64.01,66.98,67.58,65.77
557,24-Dec-18,69.86,75.48,72.48,71.96,63.83,66.79,67.38,65.59
558,25-Dec-18,69.79,75.41,72.41,71.89,63.83,66.79,67.38,65.59
559,26-Dec-18,69.79,75.41,72.41,71.89,63.83,66.79,67.38,65.59
560,27-Dec-18,69.74,75.36,72.36,71.84,63.76,66.72,67.31,65.51
561,28-Dec-18,69.55,75.18,72.16,71.65,63.62,66.57,67.16,65.37
562,29-Dec-18,69.26,74.89,71.85,71.37,63.32,66.25,66.84,65.07
563,30-Dec-18,69.04,74.67,71.62,71.15,63.32,66.01,66.59,64.84
564,31-Dec-18,68.84,74.47,71.41,70.96,62.86,65.76,66.35,64.61
565,1-Jan-19,68.65,74.3,71.22,70.78,62.66,65.56,66.14,64.42
566,2-Jan-19,68.65,74.3,71.22,70.78,62.66,65.56,66.14,64.42
567,3-Jan-19,68.65,74.3,71.22,70.78,62.66,65.56,66.14,64.42
568,4-Jan-19,68.44,74.1,71.01,70.58,62.44,65.34,65.91,64.21
569,5-Jan-19,68.29,73.95,70.85,70.43,62.26,65.14,65.72,64.03
570,6-Jan-19,68.29,73.95,70.85,70.43,62.16,65.04,65.62,63.93
571,7-Jan-19,68.5,74.16,71.07,70.64,62.24,65.12,65.7,64.01
572,8-Jan-19,68.5,74.16,71.07,70.64,62.24,65.12,65.7,64.01
573,9-Jan-19,68.5,74.16,71.07,70.64,62.24,65.12,65.7,64.01
574,10-Jan-19,68.88,74.53,71.47,71.01,62.53,65.43,66.01,64.30
575,11-Jan-19,69.07,74.72,71.67,71.20,62.81,65.73,66.31,64.58
576,12-Jan-19,69.26,74.91,71.87,71.39,63.10,66.04,66.62,64.87
577,13-Jan-19,69.75,75.39,72.39,71.87,63.69,66.66,67.25,65.46
578,14-Jan-19,70.13,75.77,72.79,72.24,64.18,67.18,67.78,65.95
579,15-Jan-19,70.41,76.05,73.08,72.52,64.47,67.49,68.09,66.24
580,16-Jan-19,70.33,75.97,73.00,72.44,64.59,67.62,68.22,66.36
581,17-Jan-19,70.47,76.11,73.15,72.58,64.78,67.82,68.42,66.55
